utt01	Mrs. De Mohrenschildt thought that Oswald,
utt02	The Secret Service believed that it was very doubtful that any President would ride regularly in a vehicle with a fixed top, even though transparent.
utt03	Between the hours of eight and nine p.m. they were occupied with the children in the bedrooms located at the extreme east end of the house.
utt04	The prisoner had nothing to deal with but wooden panels, and by dint of cutting and chopping he got both the lower panels out.
utt05	Under these circumstances, unnatural as they are, with proper management, the bean will thrust forth its radicle and its plumule;
utt06	Oswald demonstrated his thinking in connection with his return to the United States by preparing two sets of identical questions of the type which he might have thought
utt07	it is not possible to state with scientific certainty that a particular small group of fibers come from a certain piece of clothing
utt08	has confidence in the dedicated Secret Service men who are ready to lay down their lives for him
utt09	Since these agencies are already obliged constantly to evaluate the activities of such groups,
utt10	Jeanne De Mohrenschildt said, quote,
